{
  "balance": 2450.65,
  "risk_per_trade": 0.12,
  "take_profit": 0.029742300135820774,
  "stop_loss": 0.02,
  "position_scale": 2.2987072272729305
}